name,ref_ref_name
Mario Rossi,Mario Rossi
MARIO ROSSI,Mario Rossi
José Álvarez,José Álvarez
François Dubois,Francois Dubois
Åsa Olsson,
Anna  Bianchi,Anna Bianchi
 Luca   Verdi ,Luca Verdi
Luca Verdi,Luca Verdi
  José Álvarez  ,José Álvarez
Müller,
